-- phpMyAdmin SQL Dump
-- version 4.2.12deb2+deb8u2
-- http://www.phpmyadmin.net
--
-- Host: localhost
-- Generation Time: 2018-05-29 23:18:56
-- 服务器版本： 5.5.60-0+deb8u1
-- PHP Version: 5.6.33-0+deb8u1

SET SQL_MODE = "NO_AUTO_VALUE_ON_ZERO";
SET time_zone = "+00:00";


/*!40101 SET @OLD_CHARACTER_SET_CLIENT=@@CHARACTER_SET_CLIENT */;
/*!40101 SET @OLD_CHARACTER_SET_RESULTS=@@CHARACTER_SET_RESULTS */;
/*!40101 SET @OLD_COLLATION_CONNECTION=@@COLLATION_CONNECTION */;
/*!40101 SET NAMES utf8 */;

--
-- Database: `SE_project`
--

-- --------------------------------------------------------

--
-- 表的结构 `BasicInformation`
--

CREATE TABLE IF NOT EXISTS `BasicInformation` (
  `P_Id` varchar(8) CHARACTER SET utf8 NOT NULL COMMENT 'ID号码',
  `P_birth` date NOT NULL COMMENT '生日',
  `P_gender` varchar(1) CHARACTER SET utf8 NOT NULL COMMENT '性别',
  `P_address` varchar(30) CHARACTER SET utf8 NOT NULL COMMENT '地址',
  `P_name` varchar(10) CHARACTER SET utf8 NOT NULL COMMENT '姓名'
) ENGINE=InnoDB DEFAULT CHARSET=latin1;

--
-- 转存表中的数据 `BasicInformation`
--

INSERT INTO `BasicInformation` (`P_Id`, `P_birth`, `P_gender`, `P_address`, `P_name`) VALUES
('20154000', '1997-04-01', '男', '辽宁省沈阳市', '赵一'),
('20154001', '1997-04-02', '女', '吉林省长春市', '钱二'),
('20154002', '1997-04-03', '男', '黑龙江省哈尔滨市', '孙三'),
('20154003', '1997-04-04', '女', '河北省石家庄市', '李四'),
('20154004', '1997-04-05', '男', '河南省郑州市', '周五'),
('20154512', '1996-11-07', '男', '河北省邯郸市', '赵帅');

-- --------------------------------------------------------

--
-- 表的结构 `CampusCard`
--

CREATE TABLE IF NOT EXISTS `CampusCard` (
  `C_Id` varchar(8) NOT NULL COMMENT 'ID号码',
  `C_card_Id` varchar(20) NOT NULL COMMENT '校园卡编号',
  `C_password` varchar(15) NOT NULL COMMENT '密码',
  `C_waterFee` float(4,2) NOT NULL COMMENT '水费'
) ENGINE=InnoDB DEFAULT CHARSET=latin1;

--
-- 转存表中的数据 `CampusCard`
--

INSERT INTO `CampusCard` (`C_Id`, `C_card_Id`, `C_password`, `C_waterFee`) VALUES
('20151234', '123457', '12341234', 2.33),
('20154000', '00000000000000000000', '20154000', 3.69),
('20154001', '00000000000000000001', '20154001', 9.66),
('20154002', '00000000000000000002', '20154002', 8.36),
('20154003', '00000000000000000003', '20154003', 4.37),
('20154004', '00000000000000000004', '20154004', 6.59),
('20154512', '123456', '31415926', 7.67),
('root', 'root', '31415926', 0.01);

-- --------------------------------------------------------

--
-- 表的结构 `CardReader`
--

CREATE TABLE IF NOT EXISTS `CardReader` (
  `C_Id` varchar(8) NOT NULL COMMENT '读卡器编号',
  `C_category` varchar(20) CHARACTER SET utf8 NOT NULL COMMENT '档口类别',
  `C_bankcard` varchar(24) CHARACTER SET utf8 NOT NULL COMMENT '银行卡号码',
  `C_bill` float(8,2) NOT NULL COMMENT '本月流水'
) ENGINE=InnoDB DEFAULT CHARSET=latin1;

--
-- 转存表中的数据 `CardReader`
--

INSERT INTO `CardReader` (`C_Id`, `C_category`, `C_bankcard`, `C_bill`) VALUES
('1', '肉类', '000000000000000000000000', 5976.36),
('2', '蔬菜类', '000000000000000000000001', 4986.46),
('3', '豆类', '000000000000000000000002', 19756.58),
('4', '主食', '000000000000000000000003', 65497.68),
('5', '超市', '000000000000000000000004', 956871.69);

-- --------------------------------------------------------

--
-- 表的结构 `ConsumeRecord`
--

CREATE TABLE IF NOT EXISTS `ConsumeRecord` (
  `C_Id` varchar(8) NOT NULL,
  `C_time` datetime NOT NULL,
  `C_cardreader_Id` varchar(8) NOT NULL COMMENT '消费档口',
  `C_money` float(5,2) NOT NULL COMMENT '消费金额'
) ENGINE=InnoDB DEFAULT CHARSET=latin1;

--
-- 转存表中的数据 `ConsumeRecord`
--

INSERT INTO `ConsumeRecord` (`C_Id`, `C_time`, `C_cardreader_Id`, `C_money`) VALUES
('20151234', '2018-05-07 06:32:23', '1', 6.40),
('20151234', '2018-05-07 13:26:53', '1', 16.80),
('20151234', '2018-05-07 17:40:29', '4', 11.60),
('20151234', '2018-05-08 04:24:29', '1', 8.04),
('20151234', '2018-05-10 11:42:23', '3', 31.30),
('20151234', '2018-05-11 20:29:20', '2', 17.32),
('20151234', '2018-05-12 11:27:49', '5', 19.23),
('20151234', '2018-05-15 09:21:41', '2', 10.50),
('20151234', '2018-05-15 16:40:42', '1', 13.20),
('20151234', '2018-05-18 10:24:35', '4', 13.60),
('20151234', '2018-05-18 13:25:25', '5', 18.40),
('20151234', '2018-05-19 08:19:31', '4', 7.90),
('20151234', '2018-05-19 12:34:25', '1', 14.60),
('20151234', '2018-05-19 18:13:43', '1', 22.60),
('20151234', '2018-05-20 08:10:12', '1', 3.50),
('20151234', '2018-05-20 12:23:32', '1', 16.80),
('20151234', '2018-05-20 16:47:48', '1', 10.50),
('20151234', '2018-05-21 08:14:18', '1', 5.70),
('20151234', '2018-05-21 12:35:37', '2', 12.50),
('20151234', '2018-05-21 18:43:43', '1', 11.20),
('20154000', '2018-05-01 00:00:00', '2', 12.33),
('20154000', '2018-05-05 00:00:00', '2', 3.00),
('20154000', '2018-05-07 06:22:33', '1', 7.66),
('20154000', '2018-05-07 12:20:23', '2', 11.70),
('20154000', '2018-05-07 19:32:23', '4', 16.30),
('20154000', '2018-05-08 04:23:51', '4', 12.80),
('20154000', '2018-05-08 11:34:43', '1', 17.40),
('20154000', '2018-05-08 12:15:38', '4', 15.90),
('20154000', '2018-05-08 19:48:43', '2', 33.60),
('20154000', '2018-05-09 07:25:40', '2', 8.00),
('20154000', '2018-05-09 10:22:44', '2', 8.40),
('20154000', '2018-05-09 13:23:39', '2', 14.50),
('20154000', '2018-05-09 18:22:46', '4', 22.90),
('20154000', '2018-05-10 04:29:36', '1', 9.30),
('20154000', '2018-05-11 11:22:12', '2', 23.00),
('20154000', '2018-05-12 06:17:38', '4', 10.34),
('20154000', '2018-05-12 11:24:33', '4', 19.21),
('20154000', '2018-05-12 20:24:00', '2', 16.30),
('20154000', '2018-05-13 07:07:18', '4', 12.60),
('20154000', '2018-05-13 08:14:23', '3', 7.34),
('20154000', '2018-05-14 09:29:40', '4', 11.40),
('20154000', '2018-05-14 20:38:05', '2', 13.40),
('20154000', '2018-05-16 11:42:13', '5', 23.51),
('20154000', '2018-05-17 15:15:17', '3', 5.70),
('20154000', '2018-05-18 14:36:17', '4', 12.34),
('20154000', '2018-05-19 15:47:38', '2', 21.50),
('20154000', '2018-05-20 08:35:25', '5', 9.80),
('20154000', '2018-05-22 16:42:38', '2', 14.20),
('20154001', '2018-05-13 06:35:25', '5', 8.80),
('20154001', '2018-05-13 10:16:35', '4', 14.30),
('20154001', '2018-05-13 17:25:28', '4', 14.43),
('20154001', '2018-05-14 05:00:28', '2', 9.34),
('20154001', '2018-05-14 12:23:19', '3', 11.30),
('20154001', '2018-05-14 19:32:23', '2', 11.60),
('20154001', '2018-05-15 05:22:50', '4', 5.30),
('20154001', '2018-05-15 12:22:17', '4', 21.44),
('20154001', '2018-05-15 19:22:09', '5', 16.20),
('20154001', '2018-05-16 06:28:22', '1', 13.40),
('20154001', '2018-05-16 13:27:41', '5', 22.80),
('20154001', '2018-05-16 20:12:37', '5', 18.20),
('20154001', '2018-05-17 18:44:35', '5', 11.90),
('20154001', '2018-05-18 05:32:57', '5', 7.00),
('20154001', '2018-05-19 06:42:46', '5', 6.00),
('20154001', '2018-05-19 12:36:15', '5', 32.00),
('20154001', '2018-05-19 18:35:34', '5', 11.00),
('20154001', '2018-05-20 07:13:11', '4', 8.40),
('20154001', '2018-05-20 13:31:55', '5', 12.80),
('20154001', '2018-05-20 17:48:51', '4', 9.00),
('20154001', '2018-05-21 07:17:31', '5', 6.90),
('20154001', '2018-05-21 11:44:47', '5', 13.70),
('20154001', '2018-05-21 16:43:53', '5', 9.70),
('20154002', '2018-05-13 06:22:34', '2', 6.90),
('20154002', '2018-05-13 10:23:29', '4', 11.70),
('20154002', '2018-05-13 17:27:00', '4', 15.20),
('20154002', '2018-05-14 06:00:14', '1', 7.03),
('20154002', '2018-05-14 13:27:35', '1', 21.90),
('20154002', '2018-05-14 18:30:24', '2', 13.40),
('20154002', '2018-05-15 07:15:28', '4', 9.34),
('20154002', '2018-05-15 12:34:27', '4', 18.40),
('20154002', '2018-05-15 18:27:28', '4', 21.90),
('20154002', '2018-05-15 19:34:31', '4', 17.40),
('20154002', '2018-05-16 05:22:38', '2', 5.30),
('20154002', '2018-05-16 13:32:00', '4', 18.30),
('20154002', '2018-05-16 18:35:36', '1', 19.30),
('20154002', '2018-05-17 08:25:32', '4', 8.04),
('20154002', '2018-05-17 11:17:49', '3', 10.60),
('20154002', '2018-05-17 11:38:24', '2', 11.70),
('20154002', '2018-05-17 18:34:31', '4', 15.90),
('20154002', '2018-05-18 04:56:41', '2', 7.90),
('20154002', '2018-05-19 07:34:44', '1', 3.60),
('20154002', '2018-05-19 08:15:39', '1', 5.00),
('20154002', '2018-05-19 12:18:39', '2', 11.20),
('20154002', '2018-05-19 19:32:31', '4', 10.50),
('20154002', '2018-05-20 08:20:12', '4', 8.20),
('20154002', '2018-05-20 11:36:35', '4', 15.70),
('20154002', '2018-05-20 19:41:40', '4', 16.20),
('20154002', '2018-05-21 06:45:45', '1', 8.00),
('20154002', '2018-05-21 13:12:14', '4', 12.89),
('20154002', '2018-05-21 19:41:35', '4', 21.10),
('20154003', '2018-05-06 05:29:24', '2', 6.00),
('20154003', '2018-05-06 13:24:00', '3', 11.70),
('20154003', '2018-05-06 17:36:51', '2', 11.60),
('20154003', '2018-05-07 06:18:37', '2', 8.90),
('20154003', '2018-05-07 14:24:33', '3', 11.60),
('20154003', '2018-05-07 17:39:20', '2', 22.90),
('20154003', '2018-05-08 06:26:31', '2', 6.90),
('20154003', '2018-05-08 11:25:31', '3', 11.20),
('20154003', '2018-05-08 18:41:41', '2', 21.90),
('20154003', '2018-05-09 06:25:34', '3', 9.90),
('20154003', '2018-05-09 12:23:21', '3', 11.60),
('20154003', '2018-05-09 19:36:15', '2', 11.70),
('20154003', '2018-05-10 07:22:42', '2', 7.02),
('20154003', '2018-05-10 12:27:24', '3', 22.60),
('20154003', '2018-05-10 19:28:23', '2', 13.40),
('20154003', '2018-05-11 08:13:34', '2', 7.02),
('20154003', '2018-05-11 12:31:35', '2', 11.70),
('20154003', '2018-05-11 17:44:37', '5', 12.80),
('20154003', '2018-05-12 07:00:25', '3', 3.70),
('20154003', '2018-05-12 11:23:47', '3', 8.80),
('20154003', '2018-05-12 18:26:00', '2', 23.70),
('20154003', '2018-05-13 00:00:00', '2', 7.34),
('20154003', '2018-05-13 13:22:00', '2', 11.20),
('20154003', '2018-05-13 17:12:00', '2', 12.80),
('20154003', '2018-05-14 07:16:39', '4', 4.60),
('20154003', '2018-05-14 11:31:16', '2', 11.60),
('20154003', '2018-05-14 18:31:24', '2', 22.50),
('20154003', '2018-05-15 07:00:00', '2', 7.00),
('20154003', '2018-05-15 11:25:00', '2', 13.60),
('20154003', '2018-05-15 18:38:27', '2', 26.70),
('20154003', '2018-05-16 05:34:28', '2', 8.90),
('20154003', '2018-05-16 13:21:24', '3', 12.80),
('20154003', '2018-05-16 17:42:40', '2', 9.90),
('20154003', '2018-05-16 18:30:47', '2', 15.30),
('20154003', '2018-05-17 12:22:40', '3', 22.70),
('20154003', '2018-05-18 09:15:53', '3', 7.90),
('20154003', '2018-05-19 06:31:41', '2', 6.30),
('20154003', '2018-05-19 13:22:28', '2', 17.30),
('20154003', '2018-05-19 18:36:54', '3', 14.20),
('20154003', '2018-05-20 06:16:57', '3', 7.02),
('20154003', '2018-05-20 11:14:33', '2', 24.70),
('20154003', '2018-05-20 20:40:23', '3', 43.80),
('20154003', '2018-05-21 06:00:26', '1', 8.90),
('20154003', '2018-05-21 11:42:27', '2', 10.62),
('20154003', '2018-05-21 18:41:28', '2', 9.70),
('20154004', '2018-05-12 08:40:33', '1', 6.90),
('20154004', '2018-05-12 11:25:28', '2', 11.60),
('20154004', '2018-05-12 18:35:25', '3', 22.60),
('20154004', '2018-05-13 05:18:00', '1', 8.04),
('20154004', '2018-05-13 12:00:20', '1', 10.50),
('20154004', '2018-05-13 18:34:20', '2', 11.60),
('20154004', '2018-05-14 07:23:00', '1', 8.40),
('20154004', '2018-05-14 12:27:40', '3', 12.80),
('20154004', '2018-05-14 20:20:31', '1', 21.44),
('20154004', '2018-05-15 06:23:39', '1', 7.00),
('20154004', '2018-05-15 11:37:27', '1', 10.50),
('20154004', '2018-05-15 19:38:35', '4', 16.30),
('20154004', '2018-05-16 06:35:23', '1', 7.03),
('20154004', '2018-05-16 08:18:25', '3', 8.00),
('20154004', '2018-05-16 09:35:29', '1', 7.70),
('20154004', '2018-05-16 12:29:47', '1', 14.50),
('20154004', '2018-05-16 14:23:37', '1', 17.80),
('20154004', '2018-05-16 17:39:40', '5', 12.60),
('20154004', '2018-05-17 06:31:33', '3', 9.30),
('20154004', '2018-05-17 08:44:18', '1', 9.90),
('20154004', '2018-05-17 18:29:53', '1', 8.80),
('20154004', '2018-05-18 13:17:23', '2', 15.20),
('20154004', '2018-05-19 07:14:42', '2', 18.20),
('20154004', '2018-05-19 17:44:49', '1', 26.30),
('20154004', '2018-05-20 05:17:36', '4', 8.90),
('20154004', '2018-05-20 13:22:27', '5', 12.70),
('20154004', '2018-05-20 19:28:27', '3', 16.21),
('20154004', '2018-05-21 09:40:21', '1', 8.34),
('20154004', '2018-05-21 14:28:34', '2', 22.50),
('20154004', '2018-05-21 18:47:28', '1', 11.50),
('20154512', '2018-05-01 03:13:21', '2', 8.50),
('20154512', '2018-05-04 07:10:42', '2', 10.50),
('20154512', '2018-05-04 13:13:08', '2', 5.00),
('20154512', '2018-05-10 12:00:00', '2', 7.60),
('20154512', '2018-05-11 00:32:00', '2', 8.30),
('20154512', '2018-05-11 07:14:24', '2', 4.60),
('20154512', '2018-05-11 08:15:09', '2', 9.30),
('20154512', '2018-05-12 07:13:00', '2', 5.70),
('20154512', '2018-05-12 12:26:33', '2', 12.80),
('20154512', '2018-05-12 19:00:00', '2', 13.40),
('20154512', '2018-05-13 06:31:26', '2', 8.04),
('20154512', '2018-05-13 14:22:21', '2', 11.20),
('20154512', '2018-05-13 18:22:24', '2', 9.34),
('20154512', '2018-05-14 07:33:47', '2', 6.30),
('20154512', '2018-05-14 13:29:35', '2', 13.40),
('20154512', '2018-05-14 17:42:21', '2', 11.70),
('20154512', '2018-05-15 06:29:00', '2', 8.90),
('20154512', '2018-05-15 12:24:09', '2', 11.60),
('20154512', '2018-05-15 19:44:27', '2', 21.50),
('20154512', '2018-05-16 05:11:30', '3', 17.32),
('20154512', '2018-05-16 13:20:36', '2', 16.80),
('20154512', '2018-05-16 19:40:39', '2', 12.80),
('20154512', '2018-05-17 08:15:17', '2', 7.03),
('20154512', '2018-05-17 11:19:33', '5', 21.10),
('20154512', '2018-05-17 19:31:52', '2', 10.50),
('20154512', '2018-05-18 03:13:21', '4', 12.33),
('20154512', '2018-05-19 15:00:00', '3', 9.80),
('20154512', '2018-05-24 06:00:00', '2', 3.00),
('20154512', '2018-05-26 14:00:00', '1', 8.70);

-- --------------------------------------------------------

--
-- 表的结构 `DormElectric`
--

CREATE TABLE IF NOT EXISTS `DormElectric` (
  `E_Dorm_Id` varchar(7) NOT NULL COMMENT '宿舍号',
  `E_rest_Elec` float(5,2) NOT NULL COMMENT '剩余电量'
) ENGINE=InnoDB DEFAULT CHARSET=latin1;

--
-- 转存表中的数据 `DormElectric`
--

INSERT INTO `DormElectric` (`E_Dorm_Id`, `E_rest_Elec`) VALUES
('0000664', 110.00),
('0010609', 3.88),
('0102034', 50.00),
('0123544', 21.89),
('0124566', 77.80),
('0315213', 28.30),
('0342313', 1.23),
('1002364', 15.83),
('1110666', 35.62),
('1221143', 12.64),
('1223453', 67.12),
('1231345', 21.00),
('1278312', 6.24),
('1341712', 94.80),
('2562341', 59.12);

-- --------------------------------------------------------

--
-- 表的结构 `DormKey`
--

CREATE TABLE IF NOT EXISTS `DormKey` (
  `D_dorm` varchar(3) NOT NULL COMMENT '宿舍位置(A,B)',
  `D_key` int(4) NOT NULL COMMENT '宿舍门禁密码'
) ENGINE=InnoDB DEFAULT CHARSET=latin1;

--
-- 转存表中的数据 `DormKey`
--

INSERT INTO `DormKey` (`D_dorm`, `D_key`) VALUES
('012', 7391),
('013', 4321),
('014', 223),
('015', 451),
('016', 4831),
('017', 4523),
('018', 5121),
('019', 4396),
('020', 2351),
('021', 4518),
('022', 3421),
('023', 1354),
('024', 6213),
('025', 2623),
('026', 1543),
('027', 2652),
('028', 3672),
('029', 7623),
('030', 8712);

-- --------------------------------------------------------

--
-- 表的结构 `FinancialService`
--

CREATE TABLE IF NOT EXISTS `FinancialService` (
  `F_Id` varchar(8) NOT NULL COMMENT 'ID号码',
  `F_card_Id` varchar(20) NOT NULL COMMENT '校园卡编号',
  `F_rest` float(5,2) NOT NULL COMMENT '余额',
  `F_bankcard` varchar(24) NOT NULL COMMENT '银行卡卡号',
  `F_condition` tinyint(1) NOT NULL COMMENT '校园卡状态'
) ENGINE=InnoDB DEFAULT CHARSET=latin1;

--
-- 转存表中的数据 `FinancialService`
--

INSERT INTO `FinancialService` (`F_Id`, `F_card_Id`, `F_rest`, `F_bankcard`, `F_condition`) VALUES
('20151234', '123457', 78.10, '000000000000000000000009', 1),
('20154000', '00000000000000000000', 181.68, '000000000000000000000010', 1),
('20154001', '00000000000000000001', 12.68, '000000000000000000000011', 1),
('20154002', '00000000000000000002', 26.95, '000000000000000000000012', 1),
('20154003', '00000000000000000003', 98.69, '000000000000000000000013', 1),
('20154004', '00000000000000000004', 147.20, '000000000000000000000014', 1),
('20154512', '00000000000000000005', 94.56, '000000000000000000000015', 0);

-- --------------------------------------------------------

--
-- 表的结构 `NetworkFlow`
--

CREATE TABLE IF NOT EXISTS `NetworkFlow` (
  `N_Id` varchar(8) NOT NULL COMMENT 'ID号码',
  `N_restMoney` float(5,2) NOT NULL COMMENT '剩余上网费',
  `N_monthlyRent` int(2) NOT NULL COMMENT '月租',
  `N_currentFlow` float(8,2) NOT NULL COMMENT '当前已使用流量'
) ENGINE=InnoDB DEFAULT CHARSET=latin1;

--
-- 转存表中的数据 `NetworkFlow`
--

INSERT INTO `NetworkFlow` (`N_Id`, `N_restMoney`, `N_monthlyRent`, `N_currentFlow`) VALUES
('20154000', 0.00, 20, 2649.86),
('20154001', 9.60, 20, 4969.87),
('20154002', 15.00, 11, 1963.66),
('20154003', 16.80, 15, 563.30),
('20154004', 6.30, 20, 9768.12),
('20154512', 99.00, 20, 1023.36);

--
-- Indexes for dumped tables
--

--
-- Indexes for table `BasicInformation`
--
ALTER TABLE `BasicInformation`
 ADD PRIMARY KEY (`P_Id`), ADD UNIQUE KEY `P_Id` (`P_Id`);

--
-- Indexes for table `CampusCard`
--
ALTER TABLE `CampusCard`
 ADD PRIMARY KEY (`C_Id`);

--
-- Indexes for table `CardReader`
--
ALTER TABLE `CardReader`
 ADD PRIMARY KEY (`C_Id`);

--
-- Indexes for table `ConsumeRecord`
--
ALTER TABLE `ConsumeRecord`
 ADD PRIMARY KEY (`C_Id`,`C_time`);

--
-- Indexes for table `DormElectric`
--
ALTER TABLE `DormElectric`
 ADD PRIMARY KEY (`E_Dorm_Id`);

--
-- Indexes for table `DormKey`
--
ALTER TABLE `DormKey`
 ADD PRIMARY KEY (`D_dorm`);

--
-- Indexes for table `FinancialService`
--
ALTER TABLE `FinancialService`
 ADD PRIMARY KEY (`F_Id`);

--
-- Indexes for table `NetworkFlow`
--
ALTER TABLE `NetworkFlow`
 ADD PRIMARY KEY (`N_Id`);

/*!40101 SET CHARACTER_SET_CLIENT=@OLD_CHARACTER_SET_CLIENT */;
/*!40101 SET CHARACTER_SET_RESULTS=@OLD_CHARACTER_SET_RESULTS */;
/*!40101 SET COLLATION_CONNECTION=@OLD_COLLATION_CONNECTION */;
